Year,Land,Value
2005,Europa insgesamt,28436.0
2005,Albanien,-12.0
2005,Bulgarien,10.0
2005,Griechenland,-378.0
2005,Italien,-340.0
2005,Kosovo,0.0
2005,Moldau   Republik,147.0
2005,Polen,4937.0
2005,Rumänien,264.0
2005,Russische Föderation,21843.0
2005,Serbien (ab 2008),
2005,Spanien,-304.0
2005,Türkei,31.0
2005,Ukraine,1514.0
2005,EU Staaten,6464.0
2005,Afrika insgesamt,361.0
2005,Amerika insgesamt,-298.0
2005,Asien insgesamt,13016.0
2005,Afghanistan,20.0
2005,Indien,77.0
2005,Irak,-48.0
2005,Iran  Islamische Republik,81.0
2005,Kasachstan,11234.0
2005,Libanon,23.0
2005,Syrien   Arabische Republik,130.0
2005,Australien und Ozeanien,-124.0
2005,Sonstige Ziele,-874.0
2005,Insgesamt,40517.0
2006,Europa insgesamt,10389.0
2006,Albanien,8.0
2006,Bulgarien,69.0
2006,Griechenland,-255.0
2006,Italien,-278.0
2006,Kosovo,0.0
2006,Moldau   Republik,35.0
2006,Polen,4548.0
2006,Rumänien,271.0
2006,Russische Föderation,5686.0
2006,Serbien (ab 2008),
2006,Spanien,-419.0
2006,Türkei,-306.0
2006,Ukraine,385.0
2006,EU Staaten,5995.0
2006,Afrika insgesamt,215.0
2006,Amerika insgesamt,-2.0
2006,Asien insgesamt,2427.0
2006,Afghanistan,-23.0
2006,Indien,77.0
2006,Irak,19.0
2006,Iran  Islamische Republik,37.0
2006,Kasachstan,1693.0
2006,Libanon,144.0
2006,Syrien   Arabische Republik,58.0
2006,Australien und Ozeanien,-107.0
2006,Sonstige Ziele,227.0
2006,Insgesamt,13149.0
2007,Europa insgesamt,9514.0
2007,Albanien,6.0
2007,Bulgarien,553.0
2007,Griechenland,-248.0
2007,Italien,-282.0
2007,Kosovo,0.0
2007,Moldau   Republik,32.0
2007,Polen,3865.0
2007,Rumänien,1288.0
2007,Russische Föderation,3943.0
2007,Serbien (ab 2008),
2007,Spanien,-198.0
2007,Türkei,-203.0
2007,Ukraine,411.0
2007,EU Staaten,6309.0
2007,Afrika insgesamt,404.0
2007,Amerika insgesamt,-229.0
2007,Asien insgesamt,2172.0
2007,Afghanistan,4.0
2007,Indien,101.0
2007,Irak,176.0
2007,Iran  Islamische Republik,57.0
2007,Kasachstan,1320.0
2007,Libanon,59.0
2007,Syrien   Arabische Republik,49.0
2007,Australien und Ozeanien,-166.0
2007,Sonstige Ziele,32.0
2007,Insgesamt,11727.0
2008,Europa insgesamt,657.0
2008,Albanien,5.0
2008,Bulgarien,867.0
2008,Griechenland,-445.0
2008,Italien,-242.0
2008,Kosovo,96.0
2008,Moldau   Republik,36.0
2008,Polen,-508.0
2008,Rumänien,646.0
2008,Russische Föderation,2279.0
2008,Serbien (ab 2008),48.0
2008,Spanien,-361.0
2008,Türkei,-554.0
2008,Ukraine,253.0
2008,EU Staaten,607.0
2008,Afrika insgesamt,88.0
2008,Amerika insgesamt,-1035.0
2008,Asien insgesamt,1540.0
2008,Afghanistan,36.0
2008,Indien,3.0
2008,Irak,345.0
2008,Iran  Islamische Republik,29.0
2008,Kasachstan,962.0
2008,Libanon,87.0
2008,Syrien   Arabische Republik,62.0
2008,Australien und Ozeanien,-234.0
2008,Sonstige Ziele,-66.0
2008,Insgesamt,950.0
2009,Europa insgesamt,2716.0
2009,Albanien,-7.0
2009,Bulgarien,499.0
2009,Griechenland,-354.0
2009,Italien,-114.0
2009,Kosovo,212.0
2009,Moldau   Republik,32.0
2009,Polen,635.0
2009,Rumänien,916.0
2009,Russische Föderation,2095.0
2009,Serbien (ab 2008),-333.0
2009,Spanien,-16.0
2009,Türkei,-440.0
2009,Ukraine,388.0
2009,EU Staaten,1943.0
2009,Afrika insgesamt,384.0
2009,Amerika insgesamt,-170.0
2009,Asien insgesamt,4687.0
2009,Afghanistan,243.0
2009,Indien,97.0
2009,Irak,2603.0
2009,Iran  Islamische Republik,147.0
2009,Kasachstan,834.0
2009,Libanon,-44.0
2009,Syrien   Arabische Republik,189.0
2009,Australien und Ozeanien,-164.0
2009,Sonstige Ziele,190.0
2009,Insgesamt,7643.0
2010,Europa insgesamt,9999.0
2010,Albanien,-6.0
2010,Bulgarien,1045.0
2010,Griechenland,59.0
2010,Italien,381.0
2010,Kosovo,192.0
2010,Moldau   Republik,56.0
2010,Polen,2725.0
2010,Rumänien,1860.0
2010,Russische Föderation,1751.0
2010,Serbien (ab 2008),318.0
2010,Spanien,281.0
2010,Türkei,-206.0
2010,Ukraine,371.0
2010,EU Staaten,6335.0
2010,Afrika insgesamt,649.0
2010,Amerika insgesamt,42.0
2010,Asien insgesamt,3888.0
2010,Afghanistan,512.0
2010,Indien,243.0
2010,Irak,1176.0
2010,Iran  Islamische Republik,337.0
2010,Kasachstan,483.0
2010,Libanon,54.0
2010,Syrien   Arabische Republik,302.0
2010,Australien und Ozeanien,-120.0
2010,Sonstige Ziele,0.0
2010,Insgesamt,14458.0
2011,Europa insgesamt,17971.0
2011,Albanien,23.0
2011,Bulgarien,1193.0
2011,Griechenland,839.0
2011,Italien,176.0
2011,Kosovo,240.0
2011,Moldau   Republik,33.0
2011,Polen,7870.0
2011,Rumänien,2693.0
2011,Russische Föderation,1590.0
2011,Serbien (ab 2008),-87.0
2011,Spanien,452.0
2011,Türkei,41.0
2011,Ukraine,304.0
2011,EU Staaten,13900.0
2011,Afrika insgesamt,838.0
2011,Amerika insgesamt,549.0
2011,Asien insgesamt,4001.0
2011,Afghanistan,538.0
2011,Indien,162.0
2011,Irak,525.0
2011,Iran  Islamische Republik,487.0
2011,Kasachstan,559.0
2011,Libanon,42.0
2011,Syrien   Arabische Republik,610.0
2011,Australien und Ozeanien,1.0
2011,Sonstige Ziele,310.0
2011,Insgesamt,23670.0
2012,Europa insgesamt,21801.0
2012,Albanien,91.0
2012,Bulgarien,1439.0
2012,Griechenland,1186.0
2012,Italien,991.0
2012,Kosovo,229.0
2012,Moldau   Republik,75.0
2012,Polen,8059.0
2012,Rumänien,2257.0
2012,Russische Föderation,1551.0
2012,Serbien (ab 2008),213.0
2012,Spanien,1107.0
2012,Türkei,-140.0
2012,Ukraine,360.0
2012,EU Staaten,15364.0
2012,Afrika insgesamt,1199.0
2012,Amerika insgesamt,504.0
2012,Asien insgesamt,4526.0
2012,Afghanistan,433.0
2012,Indien,213.0
2012,Irak,244.0
2012,Iran  Islamische Republik,624.0
2012,Kasachstan,430.0
2012,Libanon,88.0
2012,Syrien   Arabische Republik,860.0
2012,Australien und Ozeanien,-23.0
2012,Sonstige Ziele,-487.0
2012,Insgesamt,27520.0
2013,Europa insgesamt,24542.0
2013,Albanien,287.0
2013,Bulgarien,1385.0
2013,Griechenland,1066.0
2013,Italien,1581.0
2013,Kosovo,460.0
2013,Moldau   Republik,90.0
2013,Polen,7980.0
2013,Rumänien,1978.0
2013,Russische Föderation,2915.0
2013,Serbien (ab 2008),791.0
2013,Spanien,1562.0
2013,Türkei,-332.0
2013,Ukraine,462.0
2013,EU Staaten,15107.0
2013,Afrika insgesamt,2863.0
2013,Amerika insgesamt,213.0
2013,Asien insgesamt,7392.0
2013,Afghanistan,489.0
2013,Indien,270.0
2013,Irak,366.0
2013,Iran  Islamische Republik,790.0
2013,Kasachstan,809.0
2013,Libanon,179.0
2013,Syrien   Arabische Republik,2374.0
2013,Australien und Ozeanien,-41.0
2013,Sonstige Ziele,-34.0
2013,Insgesamt,34935.0
2014,Europa insgesamt,33237.0
2014,Albanien,1687.0
2014,Bulgarien,2957.0
2014,Griechenland,773.0
2014,Italien,1659.0
2014,Kosovo,1350.0
2014,Moldau   Republik,302.0
2014,Polen,8211.0
2014,Rumänien,5802.0
2014,Russische Föderation,2928.0
2014,Serbien (ab 2008),1572.0
2014,Spanien,714.0
2014,Türkei,105.0
2014,Ukraine,1002.0
2014,EU Staaten,16581.0
2014,Afrika insgesamt,4009.0
2014,Amerika insgesamt,402.0
2014,Asien insgesamt,16519.0
2014,Afghanistan,703.0
2014,Indien,331.0
2014,Irak,969.0
2014,Iran  Islamische Republik,398.0
2014,Kasachstan,2144.0
2014,Libanon,562.0
2014,Syrien   Arabische Republik,8965.0
2014,Australien und Ozeanien,-72.0
2014,Sonstige Ziele,-52.0
2014,Insgesamt,54043.0
2015,Europa insgesamt,46652.0
2015,Albanien,4365.0
2015,Bulgarien,3977.0
2015,Griechenland,1079.0
2015,Italien,1845.0
2015,Kosovo,1736.0
2015,Moldau   Republik,496.0
2015,Polen,9466.0
2015,Rumänien,7216.0
2015,Russische Föderation,3502.0
2015,Serbien (ab 2008),1150.0
2015,Spanien,829.0
2015,Türkei,1240.0
2015,Ukraine,1278.0
2015,EU Staaten,20536.0
2015,Afrika insgesamt,10488.0
2015,Amerika insgesamt,630.0
2015,Asien insgesamt,61462.0
2015,Afghanistan,8239.0
2015,Indien,303.0
2015,Irak,10619.0
2015,Iran  Islamische Republik,1830.0
2015,Kasachstan,2022.0
2015,Libanon,1277.0
2015,Syrien   Arabische Republik,32462.0
2015,Australien und Ozeanien,-17.0
2015,Sonstige Ziele,384.0
2015,Insgesamt,119599.0
2016,Europa insgesamt,13142.0
2016,Albanien,-3085.0
2016,Bulgarien,2117.0
2016,Griechenland,921.0
2016,Italien,1066.0
2016,Kosovo,-952.0
2016,Moldau   Republik,645.0
2016,Polen,3051.0
2016,Rumänien,5328.0
2016,Russische Föderation,3933.0
2016,Serbien (ab 2008),-1552.0
2016,Spanien,127.0
2016,Türkei,1394.0
2016,Ukraine,1185.0
2016,EU Staaten,9569.0
2016,Afrika insgesamt,2057.0
2016,Amerika insgesamt,507.0
2016,Asien insgesamt,41755.0
2016,Afghanistan,7203.0
2016,Indien,419.0
2016,Irak,11434.0
2016,Iran  Islamische Republik,2013.0
2016,Kasachstan,2385.0
2016,Libanon,677.0
2016,Syrien   Arabische Republik,14970.0
2016,Australien und Ozeanien,-71.0
2016,Sonstige Ziele,-19210.0
2016,Insgesamt,38180.0
2017,Europa insgesamt,28885.0
2017,Albanien,-475.0
2017,Bulgarien,2734.0
2017,Griechenland,818.0
2017,Italien,1303.0
2017,Kosovo,261.0
2017,Moldau   Republik,948.0
2017,Polen,4250.0
2017,Rumänien,7347.0
2017,Russische Föderation,3319.0
2017,Serbien (ab 2008),234.0
2017,Spanien,206.0
2017,Türkei,4136.0
2017,Ukraine,1299.0
2017,EU Staaten,13538.0
2017,Afrika insgesamt,435.0
2017,Amerika insgesamt,1120.0
2017,Asien insgesamt,15521.0
2017,Afghanistan,415.0
2017,Indien,605.0
2017,Irak,3703.0
2017,Iran  Islamische Republik,721.0
2017,Kasachstan,2653.0
2017,Libanon,362.0
2017,Syrien   Arabische Republik,4273.0
2017,Australien und Ozeanien,-4.0
2017,Sonstige Ziele,-7352.0
2017,Insgesamt,38605.0
2018,Europa insgesamt,28790.0
2018,Albanien,360.0
2018,Bulgarien,2367.0
2018,Griechenland,865.0
2018,Italien,1110.0
2018,Kosovo,475.0
2018,Moldau   Republik,1127.0
2018,Polen,2738.0
2018,Rumänien,6857.0
2018,Russische Föderation,3913.0
2018,Serbien (ab 2008),541.0
2018,Spanien,178.0
2018,Türkei,3491.0
2018,Ukraine,1433.0
2018,EU Staaten,11661.0
2018,Afrika insgesamt,2810.0
2018,Amerika insgesamt,1453.0
2018,Asien insgesamt,13273.0
2018,Afghanistan,418.0
2018,Indien,801.0
2018,Irak,2179.0
2018,Iran  Islamische Republik,1388.0
2018,Kasachstan,2340.0
2018,Libanon,322.0
2018,Syrien   Arabische Republik,3042.0
2018,Australien und Ozeanien,50.0
2018,Sonstige Ziele,-1367.0
2018,Insgesamt,45009.0
2019,Europa insgesamt,22129.0
2019,Albanien,632.0
2019,Bulgarien,1600.0
2019,Griechenland,517.0
2019,Italien,1103.0
2019,Kosovo,724.0
2019,Moldau   Republik,1414.0
2019,Polen,367.0
2019,Rumänien,4306.0
2019,Russische Föderation,3949.0
2019,Serbien (ab 2008),490.0
2019,Spanien,236.0
2019,Türkei,3628.0
2019,Ukraine,1154.0
2019,EU Staaten,5807.0
2019,Afrika insgesamt,3958.0
2019,Amerika insgesamt,1603.0
2019,Asien insgesamt,13061.0
2019,Afghanistan,363.0
2019,Indien,1170.0
2019,Irak,1223.0
2019,Iran  Islamische Republik,1040.0
2019,Kasachstan,2584.0
2019,Libanon,1069.0
2019,Syrien   Arabische Republik,2544.0
2019,Australien und Ozeanien,50.0
2019,Sonstige Ziele,-2585.0
2019,Insgesamt,38216.0
2020,Europa insgesamt,18765.0
2020,Albanien,562.0
2020,Bulgarien,2537.0
2020,Griechenland,632.0
2020,Italien,837.0
2020,Kosovo,488.0
2020,Moldau   Republik,1040.0
2020,Polen,677.0
2020,Rumänien,4838.0
2020,Russische Föderation,2202.0
2020,Serbien (ab 2008),489.0
2020,Spanien,425.0
2020,Türkei,1763.0
2020,Ukraine,702.0
2020,EU Staaten,6782.0
2020,Afrika insgesamt,1873.0
2020,Amerika insgesamt,702.0
2020,Asien insgesamt,8483.0
2020,Afghanistan,713.0
2020,Indien,429.0
2020,Irak,1092.0
2020,Iran  Islamische Republik,545.0
2020,Kasachstan,1710.0
2020,Libanon,511.0
2020,Syrien   Arabische Republik,2368.0
2020,Australien und Ozeanien,117.0
2020,Sonstige Ziele,-2791.0
2020,Insgesamt,27149.0
