Year,Gebietseinheit,Migrationsstatus,Gschlecht,Units,Value
2018,Niedersachsen,Insgesamt,Insgesamt,Bezugspersonen mit selbstgenutzem Wohneigentum in 1 000,1855.90621699999
2018,Niedersachsen,Insgesamt,männlich,Bezugspersonen mit selbstgenutzem Wohneigentum in 1 000,1435.59414299998
2018,Niedersachsen,Insgesamt,weiblich,Bezugspersonen mit selbstgenutzem Wohneigentum in 1 000,420.312074000001
2014,Niedersachsen,Insgesamt,Insgesamt,Bezugspersonen mit selbstgenutzem Wohneigentum in 1 000,1918.125582
2014,Niedersachsen,Insgesamt,männlich,Bezugspersonen mit selbstgenutzem Wohneigentum in 1 000,1488.430851
2014,Niedersachsen,Insgesamt,weiblich,Bezugspersonen mit selbstgenutzem Wohneigentum in 1 000,429.694731
2010,Niedersachsen,Insgesamt,Insgesamt,Bezugspersonen mit selbstgenutzem Wohneigentum in 1 000,1938.210564
2010,Niedersachsen,Insgesamt,männlich,Bezugspersonen mit selbstgenutzem Wohneigentum in 1 000,1487.079367
2010,Niedersachsen,Insgesamt,weiblich,Bezugspersonen mit selbstgenutzem Wohneigentum in 1 000,451.131197000001
2006,Niedersachsen,Insgesamt,Insgesamt,Bezugspersonen mit selbstgenutzem Wohneigentum in 1 000,1773.81979
2006,Niedersachsen,Insgesamt,männlich,Bezugspersonen mit selbstgenutzem Wohneigentum in 1 000,1412.964001
2006,Niedersachsen,Insgesamt,weiblich,Bezugspersonen mit selbstgenutzem Wohneigentum in 1 000,360.855789
2018,Deutschland,Insgesamt,Insgesamt,Bezugspersonen mit selbstgenutzem Wohneigentum in 1 000,16812.0289109998
2018,Deutschland,Insgesamt,männlich,Bezugspersonen mit selbstgenutzem Wohneigentum in 1 000,12563.7234409998
2018,Deutschland,Insgesamt,weiblich,Bezugspersonen mit selbstgenutzem Wohneigentum in 1 000,4248.30547
2014,Deutschland,Insgesamt,Insgesamt,Bezugspersonen mit selbstgenutzem Wohneigentum in 1 000,16889.1423020001
2014,Deutschland,Insgesamt,männlich,Bezugspersonen mit selbstgenutzem Wohneigentum in 1 000,12840.9144980001
2014,Deutschland,Insgesamt,weiblich,Bezugspersonen mit selbstgenutzem Wohneigentum in 1 000,4048.227804
2010,Deutschland,Insgesamt,Insgesamt,Bezugspersonen mit selbstgenutzem Wohneigentum in 1 000,16971.7841389999
2010,Deutschland,Insgesamt,männlich,Bezugspersonen mit selbstgenutzem Wohneigentum in 1 000,13079.1900730002
2010,Deutschland,Insgesamt,weiblich,Bezugspersonen mit selbstgenutzem Wohneigentum in 1 000,3892.59406599998
2006,Deutschland,Insgesamt,Insgesamt,Bezugspersonen mit selbstgenutzem Wohneigentum in 1 000,15727.3733249997
2006,Deutschland,Insgesamt,männlich,Bezugspersonen mit selbstgenutzem Wohneigentum in 1 000,12316.1977579998
2006,Deutschland,Insgesamt,weiblich,Bezugspersonen mit selbstgenutzem Wohneigentum in 1 000,3411.17556700004
2018,Niedersachsen,ohne Migrationshintergrund,Insgesamt,Bezugspersonen mit selbstgenutzem Wohneigentum in 1 000,1659.02401199999
2018,Niedersachsen,ohne Migrationshintergrund,männlich,Bezugspersonen mit selbstgenutzem Wohneigentum in 1 000,1274.98131199998
2018,Niedersachsen,ohne Migrationshintergrund,weiblich,Bezugspersonen mit selbstgenutzem Wohneigentum in 1 000,384.042700000001
2014,Niedersachsen,ohne Migrationshintergrund,Insgesamt,Bezugspersonen mit selbstgenutzem Wohneigentum in 1 000,1757.135139
2014,Niedersachsen,ohne Migrationshintergrund,männlich,Bezugspersonen mit selbstgenutzem Wohneigentum in 1 000,1355.337961
2014,Niedersachsen,ohne Migrationshintergrund,weiblich,Bezugspersonen mit selbstgenutzem Wohneigentum in 1 000,401.797178
2010,Niedersachsen,ohne Migrationshintergrund,Insgesamt,Bezugspersonen mit selbstgenutzem Wohneigentum in 1 000,1794.14181900001
2010,Niedersachsen,ohne Migrationshintergrund,männlich,Bezugspersonen mit selbstgenutzem Wohneigentum in 1 000,1368.207535
2010,Niedersachsen,ohne Migrationshintergrund,weiblich,Bezugspersonen mit selbstgenutzem Wohneigentum in 1 000,425.934284000001
2006,Niedersachsen,ohne Migrationshintergrund,Insgesamt,Bezugspersonen mit selbstgenutzem Wohneigentum in 1 000,1663.630277
2006,Niedersachsen,ohne Migrationshintergrund,männlich,Bezugspersonen mit selbstgenutzem Wohneigentum in 1 000,1313.993876
2006,Niedersachsen,ohne Migrationshintergrund,weiblich,Bezugspersonen mit selbstgenutzem Wohneigentum in 1 000,349.636401
2018,Deutschland,ohne Migrationshintergrund,Insgesamt,Bezugspersonen mit selbstgenutzem Wohneigentum in 1 000,14967.19434
2018,Deutschland,ohne Migrationshintergrund,männlich,Bezugspersonen mit selbstgenutzem Wohneigentum in 1 000,11095.2072619999
2018,Deutschland,ohne Migrationshintergrund,weiblich,Bezugspersonen mit selbstgenutzem Wohneigentum in 1 000,3871.98707800003
2014,Deutschland,ohne Migrationshintergrund,Insgesamt,Bezugspersonen mit selbstgenutzem Wohneigentum in 1 000,15370.1097370003
2014,Deutschland,ohne Migrationshintergrund,männlich,Bezugspersonen mit selbstgenutzem Wohneigentum in 1 000,11590.3900390002
2014,Deutschland,ohne Migrationshintergrund,weiblich,Bezugspersonen mit selbstgenutzem Wohneigentum in 1 000,3779.719698
2010,Deutschland,ohne Migrationshintergrund,Insgesamt,Bezugspersonen mit selbstgenutzem Wohneigentum in 1 000,15581.152609
2010,Deutschland,ohne Migrationshintergrund,männlich,Bezugspersonen mit selbstgenutzem Wohneigentum in 1 000,11910.3338180002
2010,Deutschland,ohne Migrationshintergrund,weiblich,Bezugspersonen mit selbstgenutzem Wohneigentum in 1 000,3670.81879099998
2006,Deutschland,ohne Migrationshintergrund,Insgesamt,Bezugspersonen mit selbstgenutzem Wohneigentum in 1 000,14583.3154119998
2006,Deutschland,ohne Migrationshintergrund,männlich,Bezugspersonen mit selbstgenutzem Wohneigentum in 1 000,11326.1628689999
2006,Deutschland,ohne Migrationshintergrund,weiblich,Bezugspersonen mit selbstgenutzem Wohneigentum in 1 000,3257.15254300004
2018,Niedersachsen,mit Migrationshintergrund²⁾,Insgesamt,Bezugspersonen mit selbstgenutzem Wohneigentum in 1 000,196.882205
2018,Niedersachsen,mit Migrationshintergrund²⁾,männlich,Bezugspersonen mit selbstgenutzem Wohneigentum in 1 000,160.612831
2018,Niedersachsen,mit Migrationshintergrund²⁾,weiblich,Bezugspersonen mit selbstgenutzem Wohneigentum in 1 000,36.269374
2014,Niedersachsen,mit Migrationshintergrund²⁾,Insgesamt,Bezugspersonen mit selbstgenutzem Wohneigentum in 1 000,160.990443
2014,Niedersachsen,mit Migrationshintergrund²⁾,männlich,Bezugspersonen mit selbstgenutzem Wohneigentum in 1 000,133.09289
2014,Niedersachsen,mit Migrationshintergrund²⁾,weiblich,Bezugspersonen mit selbstgenutzem Wohneigentum in 1 000,27.897553
2010,Niedersachsen,mit Migrationshintergrund²⁾,Insgesamt,Bezugspersonen mit selbstgenutzem Wohneigentum in 1 000,144.068745
2010,Niedersachsen,mit Migrationshintergrund²⁾,männlich,Bezugspersonen mit selbstgenutzem Wohneigentum in 1 000,118.871832
2010,Niedersachsen,mit Migrationshintergrund²⁾,weiblich,Bezugspersonen mit selbstgenutzem Wohneigentum in 1 000,25.196913
2006,Niedersachsen,mit Migrationshintergrund²⁾,Insgesamt,Bezugspersonen mit selbstgenutzem Wohneigentum in 1 000,110.189513
2006,Niedersachsen,mit Migrationshintergrund²⁾,männlich,Bezugspersonen mit selbstgenutzem Wohneigentum in 1 000,98.970125
2006,Niedersachsen,mit Migrationshintergrund²⁾,weiblich,Bezugspersonen mit selbstgenutzem Wohneigentum in 1 000,11.219388
2018,Deutschland,mit Migrationshintergrund²⁾,Insgesamt,Bezugspersonen mit selbstgenutzem Wohneigentum in 1 000,1844.834571
2018,Deutschland,mit Migrationshintergrund²⁾,männlich,Bezugspersonen mit selbstgenutzem Wohneigentum in 1 000,1468.516179
2018,Deutschland,mit Migrationshintergrund²⁾,weiblich,Bezugspersonen mit selbstgenutzem Wohneigentum in 1 000,376.318392
2014,Deutschland,mit Migrationshintergrund²⁾,Insgesamt,Bezugspersonen mit selbstgenutzem Wohneigentum in 1 000,1519.032565
2014,Deutschland,mit Migrationshintergrund²⁾,männlich,Bezugspersonen mit selbstgenutzem Wohneigentum in 1 000,1250.524459
2014,Deutschland,mit Migrationshintergrund²⁾,weiblich,Bezugspersonen mit selbstgenutzem Wohneigentum in 1 000,268.508106000001
2010,Deutschland,mit Migrationshintergrund²⁾,Insgesamt,Bezugspersonen mit selbstgenutzem Wohneigentum in 1 000,1390.63153000001
2010,Deutschland,mit Migrationshintergrund²⁾,männlich,Bezugspersonen mit selbstgenutzem Wohneigentum in 1 000,1168.85625500001
2010,Deutschland,mit Migrationshintergrund²⁾,weiblich,Bezugspersonen mit selbstgenutzem Wohneigentum in 1 000,221.775275000001
2006,Deutschland,mit Migrationshintergrund²⁾,Insgesamt,Bezugspersonen mit selbstgenutzem Wohneigentum in 1 000,1144.057913
2006,Deutschland,mit Migrationshintergrund²⁾,männlich,Bezugspersonen mit selbstgenutzem Wohneigentum in 1 000,990.034888999997
2006,Deutschland,mit Migrationshintergrund²⁾,weiblich,Bezugspersonen mit selbstgenutzem Wohneigentum in 1 000,154.023024
2018,Niedersachsen,Insgesamt,Insgesamt,Eigentümerquote der Bezugspersonen mit selbstbewohnen Wohneigentum in Prozent³⁾,47.6044807338717
2018,Niedersachsen,Insgesamt,männlich,Eigentümerquote der Bezugspersonen mit selbstbewohnen Wohneigentum in Prozent³⁾,53.5565688292953
2018,Niedersachsen,Insgesamt,weiblich,Eigentümerquote der Bezugspersonen mit selbstbewohnen Wohneigentum in Prozent³⁾,34.5062162287551
2014,Niedersachsen,Insgesamt,Insgesamt,Eigentümerquote der Bezugspersonen mit selbstbewohnen Wohneigentum in Prozent³⁾,52.3141352139804
2014,Niedersachsen,Insgesamt,männlich,Eigentümerquote der Bezugspersonen mit selbstbewohnen Wohneigentum in Prozent³⁾,59.1091181408314
2014,Niedersachsen,Insgesamt,weiblich,Eigentümerquote der Bezugspersonen mit selbstbewohnen Wohneigentum in Prozent³⁾,37.4153137482061
2010,Niedersachsen,Insgesamt,Insgesamt,Eigentümerquote der Bezugspersonen mit selbstbewohnen Wohneigentum in Prozent³⁾,52.6373073974127
2010,Niedersachsen,Insgesamt,männlich,Eigentümerquote der Bezugspersonen mit selbstbewohnen Wohneigentum in Prozent³⁾,58.9412260208691
2010,Niedersachsen,Insgesamt,weiblich,Eigentümerquote der Bezugspersonen mit selbstbewohnen Wohneigentum in Prozent³⁾,38.9170412774561
2006,Niedersachsen,Insgesamt,Insgesamt,Eigentümerquote der Bezugspersonen mit selbstbewohnen Wohneigentum in Prozent³⁾,47.8896917723236
2006,Niedersachsen,Insgesamt,männlich,Eigentümerquote der Bezugspersonen mit selbstbewohnen Wohneigentum in Prozent³⁾,54.5043458561991
2006,Niedersachsen,Insgesamt,weiblich,Eigentümerquote der Bezugspersonen mit selbstbewohnen Wohneigentum in Prozent³⁾,32.463258231151
2018,Deutschland,Insgesamt,Insgesamt,Eigentümerquote der Bezugspersonen mit selbstbewohnen Wohneigentum in Prozent³⁾,41.2243913911407
2018,Deutschland,Insgesamt,männlich,Eigentümerquote der Bezugspersonen mit selbstbewohnen Wohneigentum in Prozent³⁾,46.6671375273018
2018,Deutschland,Insgesamt,weiblich,Eigentümerquote der Bezugspersonen mit selbstbewohnen Wohneigentum in Prozent³⁾,30.6520881320159
2014,Deutschland,Insgesamt,Insgesamt,Eigentümerquote der Bezugspersonen mit selbstbewohnen Wohneigentum in Prozent³⁾,44.0174270694244
2014,Deutschland,Insgesamt,männlich,Eigentümerquote der Bezugspersonen mit selbstbewohnen Wohneigentum in Prozent³⁾,50.1070647602888
2014,Deutschland,Insgesamt,weiblich,Eigentümerquote der Bezugspersonen mit selbstbewohnen Wohneigentum in Prozent³⁾,31.7700843581858
2010,Deutschland,Insgesamt,Insgesamt,Eigentümerquote der Bezugspersonen mit selbstbewohnen Wohneigentum in Prozent³⁾,44.3966342694003
2010,Deutschland,Insgesamt,männlich,Eigentümerquote der Bezugspersonen mit selbstbewohnen Wohneigentum in Prozent³⁾,50.3402845183119
2010,Deutschland,Insgesamt,weiblich,Eigentümerquote der Bezugspersonen mit selbstbewohnen Wohneigentum in Prozent³⁾,31.7864518847399
2006,Deutschland,Insgesamt,Insgesamt,Eigentümerquote der Bezugspersonen mit selbstbewohnen Wohneigentum in Prozent³⁾,40.6857854106325
2006,Deutschland,Insgesamt,männlich,Eigentümerquote der Bezugspersonen mit selbstbewohnen Wohneigentum in Prozent³⁾,46.7372842304123
2006,Deutschland,Insgesamt,weiblich,Eigentümerquote der Bezugspersonen mit selbstbewohnen Wohneigentum in Prozent³⁾,27.7247499467737
2018,Niedersachsen,ohne Migrationshintergrund,Insgesamt,Eigentümerquote der Bezugspersonen mit selbstbewohnen Wohneigentum in Prozent³⁾,51.5065017853712
2018,Niedersachsen,ohne Migrationshintergrund,männlich,Eigentümerquote der Bezugspersonen mit selbstbewohnen Wohneigentum in Prozent³⁾,58.4587635076849
2018,Niedersachsen,ohne Migrationshintergrund,weiblich,Eigentümerquote der Bezugspersonen mit selbstbewohnen Wohneigentum in Prozent³⁾,36.9269485967577
2014,Niedersachsen,ohne Migrationshintergrund,Insgesamt,Eigentümerquote der Bezugspersonen mit selbstbewohnen Wohneigentum in Prozent³⁾,55.2477231861181
2014,Niedersachsen,ohne Migrationshintergrund,männlich,Eigentümerquote der Bezugspersonen mit selbstbewohnen Wohneigentum in Prozent³⁾,62.3987591339801
2014,Niedersachsen,ohne Migrationshintergrund,weiblich,Eigentümerquote der Bezugspersonen mit selbstbewohnen Wohneigentum in Prozent³⁾,39.8447429661937
2010,Niedersachsen,ohne Migrationshintergrund,Insgesamt,Eigentümerquote der Bezugspersonen mit selbstbewohnen Wohneigentum in Prozent³⁾,55.8543043514056
2010,Niedersachsen,ohne Migrationshintergrund,männlich,Eigentümerquote der Bezugspersonen mit selbstbewohnen Wohneigentum in Prozent³⁾,62.6501101961609
2010,Niedersachsen,ohne Migrationshintergrund,weiblich,Eigentümerquote der Bezugspersonen mit selbstbewohnen Wohneigentum in Prozent³⁾,41.4214112664925
2006,Niedersachsen,ohne Migrationshintergrund,Insgesamt,Eigentümerquote der Bezugspersonen mit selbstbewohnen Wohneigentum in Prozent³⁾,50.8643358771688
2006,Niedersachsen,ohne Migrationshintergrund,männlich,Eigentümerquote der Bezugspersonen mit selbstbewohnen Wohneigentum in Prozent³⁾,58.0667320692905
2006,Niedersachsen,ohne Migrationshintergrund,weiblich,Eigentümerquote der Bezugspersonen mit selbstbewohnen Wohneigentum in Prozent³⁾,34.6924341125636
2018,Deutschland,ohne Migrationshintergrund,Insgesamt,Eigentümerquote der Bezugspersonen mit selbstbewohnen Wohneigentum in Prozent³⁾,45.7723920342992
2018,Deutschland,ohne Migrationshintergrund,männlich,Eigentümerquote der Bezugspersonen mit selbstbewohnen Wohneigentum in Prozent³⁾,52.4238637917887
2018,Deutschland,ohne Migrationshintergrund,weiblich,Eigentümerquote der Bezugspersonen mit selbstbewohnen Wohneigentum in Prozent³⁾,33.5680090328596
2014,Deutschland,ohne Migrationshintergrund,Insgesamt,Eigentümerquote der Bezugspersonen mit selbstbewohnen Wohneigentum in Prozent³⁾,47.1803039903445
2014,Deutschland,ohne Migrationshintergrund,männlich,Eigentümerquote der Bezugspersonen mit selbstbewohnen Wohneigentum in Prozent³⁾,53.9156507604092
2014,Deutschland,ohne Migrationshintergrund,weiblich,Eigentümerquote der Bezugspersonen mit selbstbewohnen Wohneigentum in Prozent³⁾,34.1126195922929
2010,Deutschland,ohne Migrationshintergrund,Insgesamt,Eigentümerquote der Bezugspersonen mit selbstbewohnen Wohneigentum in Prozent³⁾,47.5721420721468
2010,Deutschland,ohne Migrationshintergrund,männlich,Eigentümerquote der Bezugspersonen mit selbstbewohnen Wohneigentum in Prozent³⁾,54.1916051811794
2010,Deutschland,ohne Migrationshintergrund,weiblich,Eigentümerquote der Bezugspersonen mit selbstbewohnen Wohneigentum in Prozent³⁾,34.069527987991
2006,Deutschland,ohne Migrationshintergrund,Insgesamt,Eigentümerquote der Bezugspersonen mit selbstbewohnen Wohneigentum in Prozent³⁾,43.7660827990433
2006,Deutschland,ohne Migrationshintergrund,männlich,Eigentümerquote der Bezugspersonen mit selbstbewohnen Wohneigentum in Prozent³⁾,50.7081572029391
2006,Deutschland,ohne Migrationshintergrund,weiblich,Eigentümerquote der Bezugspersonen mit selbstbewohnen Wohneigentum in Prozent³⁾,29.6507345629915
2018,Niedersachsen,mit Migrationshintergrund²⁾,Insgesamt,Eigentümerquote der Bezugspersonen mit selbstbewohnen Wohneigentum in Prozent³⁾,29.0559675614358
2018,Niedersachsen,mit Migrationshintergrund²⁾,männlich,Eigentümerquote der Bezugspersonen mit selbstbewohnen Wohneigentum in Prozent³⁾,32.1530053858929
2018,Niedersachsen,mit Migrationshintergrund²⁾,weiblich,Eigentümerquote der Bezugspersonen mit selbstbewohnen Wohneigentum in Prozent³⁾,20.3680657809466
2014,Niedersachsen,mit Migrationshintergrund²⁾,Insgesamt,Eigentümerquote der Bezugspersonen mit selbstbewohnen Wohneigentum in Prozent³⁾,33.1196760431841
2014,Niedersachsen,mit Migrationshintergrund²⁾,männlich,Eigentümerquote der Bezugspersonen mit selbstbewohnen Wohneigentum in Prozent³⁾,38.4608331344687
2014,Niedersachsen,mit Migrationshintergrund²⁾,weiblich,Eigentümerquote der Bezugspersonen mit selbstbewohnen Wohneigentum in Prozent³⁾,19.9212527353958
2010,Niedersachsen,mit Migrationshintergrund²⁾,Insgesamt,Eigentümerquote der Bezugspersonen mit selbstbewohnen Wohneigentum in Prozent³⁾,30.651785591209
2010,Niedersachsen,mit Migrationshintergrund²⁾,männlich,Eigentümerquote der Bezugspersonen mit selbstbewohnen Wohneigentum in Prozent³⁾,35.0551018073291
2010,Niedersachsen,mit Migrationshintergrund²⁾,weiblich,Eigentümerquote der Bezugspersonen mit selbstbewohnen Wohneigentum in Prozent³⁾,19.2464033555785
2006,Niedersachsen,mit Migrationshintergrund²⁾,Insgesamt,Eigentümerquote der Bezugspersonen mit selbstbewohnen Wohneigentum in Prozent³⁾,25.4332746205013
2006,Niedersachsen,mit Migrationshintergrund²⁾,männlich,Eigentümerquote der Bezugspersonen mit selbstbewohnen Wohneigentum in Prozent³⁾,30.0378528063061
2006,Niedersachsen,mit Migrationshintergrund²⁾,weiblich,Eigentümerquote der Bezugspersonen mit selbstbewohnen Wohneigentum in Prozent³⁾,10.8123331736805
2018,Deutschland,mit Migrationshintergrund²⁾,Insgesamt,Eigentümerquote der Bezugspersonen mit selbstbewohnen Wohneigentum in Prozent³⁾,22.8248309626466
2018,Deutschland,mit Migrationshintergrund²⁾,männlich,Eigentümerquote der Bezugspersonen mit selbstbewohnen Wohneigentum in Prozent³⁾,25.5058247184734
2018,Deutschland,mit Migrationshintergrund²⁾,weiblich,Eigentümerquote der Bezugspersonen mit selbstbewohnen Wohneigentum in Prozent³⁾,16.1857002825021
2014,Deutschland,mit Migrationshintergrund²⁾,Insgesamt,Eigentümerquote der Bezugspersonen mit selbstbewohnen Wohneigentum in Prozent³⁾,26.2271541614716
2014,Deutschland,mit Migrationshintergrund²⁾,männlich,Eigentümerquote der Bezugspersonen mit selbstbewohnen Wohneigentum in Prozent³⁾,30.2813181328742
2014,Deutschland,mit Migrationshintergrund²⁾,weiblich,Eigentümerquote der Bezugspersonen mit selbstbewohnen Wohneigentum in Prozent³⁾,16.1543439855695
2010,Deutschland,mit Migrationshintergrund²⁾,Insgesamt,Eigentümerquote der Bezugspersonen mit selbstbewohnen Wohneigentum in Prozent³⁾,25.3998738408142
2010,Deutschland,mit Migrationshintergrund²⁾,männlich,Eigentümerquote der Bezugspersonen mit selbstbewohnen Wohneigentum in Prozent³⁾,29.1968229858095
2010,Deutschland,mit Migrationshintergrund²⁾,weiblich,Eigentümerquote der Bezugspersonen mit selbstbewohnen Wohneigentum in Prozent³⁾,15.0704883154193
2006,Deutschland,mit Migrationshintergrund²⁾,Insgesamt,Eigentümerquote der Bezugspersonen mit selbstbewohnen Wohneigentum in Prozent³⁾,21.4457826550879
2006,Deutschland,mit Migrationshintergrund²⁾,männlich,Eigentümerquote der Bezugspersonen mit selbstbewohnen Wohneigentum in Prozent³⁾,24.6522780091026
2006,Deutschland,mit Migrationshintergrund²⁾,weiblich,Eigentümerquote der Bezugspersonen mit selbstbewohnen Wohneigentum in Prozent³⁾,11.6803159649535
